<?xml version="1.0" encoding="UTF-8"?>
<beans xmlns="http://www.springframework.org/schema/beans"
	xmlns:xsi="http://www.w3.org/2001/XMLSchema-instance"
	xmlns:context="http://www.springframework.org/schema/context"
	xmlns:aop="http://www.springframework.org/schema/aop"
	xmlns:jdbc="http://www.springframework.org/schema/jdbc"
	xmlns:mvc="http://www.springframework.org/schema/mvc"
	xmlns:mybatis-spring="http://mybatis.org/schema/mybatis-spring"
	xmlns:task="http://www.springframework.org/schema/task"
	xsi:schemaLocation="http://www.springframework.org/schema/jdbc http://www.springframework.org/schema/jdbc/spring-jdbc-4.3.xsd
		http://www.springframework.org/schema/mvc http://www.springframework.org/schema/mvc/spring-mvc-4.3.xsd
		http://mybatis.org/schema/mybatis-spring http://mybatis.org/schema/mybatis-spring-1.2.xsd
		http://www.springframework.org/schema/task http://www.springframework.org/schema/task/spring-task-4.3.xsd
		http://www.springframework.org/schema/beans https://www.springframework.org/schema/beans/spring-beans.xsd
		http://www.springframework.org/schema/context http://www.springframework.org/schema/context/spring-context-4.0.xsd
		http://www.springframework.org/schema/aop http://www.springframework.org/schema/aop/spring-aop-4.3.xsd">

	<!-- Root Context: defines shared resources visible to all other web components -->


	<bean id="multipartResolver" class="org.springframework.web.multipart.commons.CommonsMultipartResolver"></bean>

	<bean id="dataSource" class="org.springframework.jdbc.datasource.DriverManagerDataSource">
		<!-- MySQL 버전에 따라 driverClassName의 value값이 달라짐 아래 코드는 Mysql 8기준 -->
		<property name="driverClassName" value="com.mysql.jdbc.Driver"/>
	<!--	<property name="url" value="jdbc:mysql://localhost:3306/senlab?useSSL=false&amp;serverTimezone=Asia/Seoul"/>
		<property name="username" value="senlab"/>
		<property name="password" value="senlab"/> --> 
 	  <!-- <property name="url" value="jdbc:mysql://nsm1588.cafe24.com:3306/nsm1588?useSSL=false&amp;serverTimezone=Asia/Seoul"/> -->
		<property name="url" value="jdbc:mysql://localhost:3306/nsm1588?useSSL=false&amp;serverTimezone=Asia/Seoul"/> 
		<property name="username" value="nsm1588"/>
		<property name="password" value="seo8282*"/>	 
	</bean>
	
	<bean id="sqlSessionFactory" class="org.mybatis.spring.SqlSessionFactoryBean">
	<property name="dataSource" ref = "dataSource"/>
	<property name="configLocation" value="classpath:/mybatis-config.xml"></property>
	<property name="mapperLocations" value="classpath:/mapper/*-mapper.xml"></property>
	</bean>
	
	
	

	
	<bean id="sqlSession" class="org.mybatis.spring.SqlSessionTemplate" destroy-method="clearCache">
		<constructor-arg index="0" ref="sqlSessionFactory"/>
	</bean>
	

</beans>
